<?xml version="1.0" encoding="UTF-8"?>
<project-private xmlns="http://www.netbeans.org/ns/project-private/1">
    <editor-bookmarks xmlns="http://www.netbeans.org/ns/editor-bookmarks/2" lastBookmarkId="0"/>
    <open-files xmlns="http://www.netbeans.org/ns/projectui-open-files/2">
        <group>
            <file>file:/C:/Users/Le%20Vu%20Minh%20Hoang/Documents/NetBeansProjects/CinemaTicketBooking/web/manager/managerDashboard.jsp</file>
            <file>file:/C:/Users/Le%20Vu%20Minh%20Hoang/Documents/NetBeansProjects/CinemaTicketBooking/web/employee/empDashboard.jsp</file>
            <file>file:/C:/Users/Le%20Vu%20Minh%20Hoang/Documents/NetBeansProjects/CinemaTicketBooking/src/java/Controller/LogoutServlet.java</file>
            <file>file:/C:/Users/Le%20Vu%20Minh%20Hoang/Documents/NetBeansProjects/CinemaTicketBooking/web/customer/customerProfile.jsp</file>
            <file>file:/C:/Users/Le%20Vu%20Minh%20Hoang/Documents/NetBeansProjects/CinemaTicketBooking/web/index.jsp</file>
        </group>
    </open-files>
</project-private>
